SKU,Descripcion,Material,Precio_EUR,Alto,Diametro,Capacidad,foto
H.ALZ.DOL1,Cake stand clear,Acrílico,"30,25",,31 cm,,alzata-dolce-trasparente-1389.jpg
H.ALZ.GIR1,Girasole cake dome amber,Acrílico,"54,45",29 cm,26 cm,,girasole-ambra-1441.jpg
H.ALZ.GIR2,Girasole cake dome clera,Acrílico,"54,45",29 cm,26 cm,,girasole-trasparente-1444.jpg
H.ALZ.CUP1,Dome for Girasole stand,Acrílico,"14,52",,,,cupola-per-girasole-trasparente-2142.jpg
H.ALZ.NIN1,Ninfea cake dome amber,Acrílico,"30,25",16 cm,"20,5 cm",,ninfea-ambra-1445.jpg
H.ALZ.NIN2,Ninfea cake dome clear,Acrílico,"30,25",16 cm,"20,5 cm",,ninfea-trasparente-1447.jpg
H.ALZ.NIN3,Ninfea cake dome red,Acrílico,"30,25",16 cm,"20,5 cm",,ninfea-rosso-1446.jpg
H.ALZ.NIN4,Ninfea cake dome green,Acrílico,"30,25",16 cm,"20,5 cm",,ninfea-verde-1448.jpg
H.ALZ.NIN5,Ninfea cake dome gold,Acrílico,"33,88",16 cm,"20,5 cm",,ninfea-oro-2359.jpg
H.ALZ.SUS1,Susan centerpiece gold,Acrílico,"55,00","13,2 cm",31 cm,,susan-oro-2411.jpg
H.ALZ.SUS2,Susan centerpiece red,Acrílico,"55,00","13,2 cm",31 cm,,susan-rosso-2408.jpg
H.ALZ.SUS3,Susan centerpiece clear,Acrílico,"55,00","13,2 cm",31 cm,,susan-trasparente-2412.jpg
H.ALZ.SUS4,Susan centerpiece green,Acrílico,"55,00","13,2 cm",31 cm,,susan-verde-2413.jpg
H.BIK.BN1,Biancaneve Shot clear,Acrílico,"5,50",9 cm,"4,9 cm",,biancaneve-trasparente-2554.jpg
H.BIK.BN2,Biancaneve Shot gold,Acrílico,"5,50",9 cm,"4,9 cm",,biancaneve-oro-2553.jpg
H.BIK.BN3,Biancaneve Shot green,Acrílico,"5,50",9 cm,"4,9 cm",,biancaneve-verde-2552.jpg
H.BIK.BN4,Biancaneve Shot royal blue,Acrílico,"5,50",9 cm,"4,9 cm",,biancaneve-blu-2551.jpg
H.BIK.BN5,Biancaneve Shot red,Acrílico,"5,50",9 cm,"4,9 cm",,biancaneve-rosso-2550.jpg
H.BIK.BN6,Biancaneve Shot turquoise,Acrílico,"5,50",9 cm,"4,9 cm",,biancaneve-turchese-2549.jpg
H.BIK.DF1,Double Face tumbler fluo orange,Acrílico,"8,47",11 cm,9 cm,,double-face-arancio-1054.jpg
H.BIK.DF2,Double Face tumbler fluo green,Acrílico,"8,47",11 cm,9 cm,,double-face-verde-1055.jpg
H.BIK.DF3,Double Face tumbler fluo fuxia,Acrílico,"8,47",11 cm,9 cm,,double-face-fuxia-1053.jpg
H.BIK.DF4,Double Face tumbler light blue,Acrílico,"8,47",11 cm,9 cm,,double-face-turchese-1057.jpg
H.BIK.DF5,Double Face tumbler black,Acrílico,"8,47",11 cm,9 cm,,double-face-nero-1056.jpg
H.BIK.DF6,Double Face tumbler white,Acrílico,"8,47",11 cm,9 cm,,double-face-bianco-1052.jpg
H.BIK.DF7,Double Face tumbler blue/green,Acrílico,"8,47",11 cm,9 cm,,double-face-petrolio-1632.jpg
H.BIK.DF9,Double Face tumbler scarlet,Acrílico,"8,47",11 cm,9 cm,,double-face-scarlet-1631.jpg
H.BIK.DLV17,Dolce Vita water glass amber,Acrílico,"10,29","17,5 cm","9,5 cm",,dolce-vita-acqua-ambra-998.jpg
H.BIK.DLV25,Dolce Vita water glass white,Acrílico,"10,29","17,5 cm","9,5 cm",,dolce-vita-acqua-bianco-1277.jpg
H.BIK.DLV34,Dolce Vita water glass gold,Acrílico,"10,29","17,5 cm","9,5 cm",,dolce-vita-acqua-oro-2224.jpg
H.BIK.DLV23,Dolce Vita water glass red,Acrílico,"10,29","17,5 cm","9,5 cm",,dolce-vita-acqua-rosso-1001.jpg
H.BIK.DLV19,Dolce Vita water glass royal blue,Acrílico,"10,29","17,5 cm","9,5 cm",,dolce-vita-acqua-blu-999.jpg
H.BIK.DLV24,Dolce Vita water glass ruby,Acrílico,"10,29","17,5 cm","9,5 cm",,dolce-vita-acqua-rubino-1002.jpg
H.BIK.DLV40,Dolce Vita water glass clear gold thread,Acrílico,"12,50","17,5 cm","9,5 cm",,goldfingerdolcevita-acqua-2418.jpg
H.BIK.DLV20,Dolce Vita water glass clear,Acrílico,"10,29","17,5 cm","9,5 cm",,dolce-vita-acqua-trasparente-1003.jpg
H.BIK.DLV28,Dolce Vita water glass turquoise,Acrílico,"10,29","17,5 cm","9,5 cm",,dolce-vita-acqua-turchese-1327.jpg
H.BIK.DLV21,Dolce Vita water glass green,Acrílico,"10,29","17,5 cm","9,5 cm",,dolce-vita-acqua-verde-1004.jpg
H.BIK.DLV1,Dolce Vita wine glass amber,Acrílico,"10,29","16,5 cm",9 cm,,dolce-vita-vino-ambra-1006.jpg
H.BIK.DLV26,Dolce Vita wine glass white,Acrílico,"10,29","16,5 cm",9 cm,,dolce-vita-vino-bianco-1280.jpg
H.BIK.DLV32,Dolce Vita wine glass grey,Acrílico,"10,29","16,5 cm",9 cm,,dolce-vita-vino-grigio-1612.jpg
H.BIK.DLV35,Dolce Vita wine glass gold,Acrílico,"10,29","16,5 cm",9 cm,,dolce-vita-vino-oro-2225.jpg
H.BIK.DLV7,Dolce Vita wine glass red,Acrílico,"10,29","16,5 cm",9 cm,,dolce-vita-vino-rosso-1009.jpg
H.BIK.DLV3,Dolce Vita wine glass royal blue,Acrílico,"10,29","16,5 cm",9 cm,,dolce-vita-vino-blu-1007.jpg
H.BIK.DLV8,Dolce Vita wine glass ruby,Acrílico,"10,29","16,5 cm",9 cm,,dolce-vita-vino-rubino-1010.jpg
H.BIK.DLV41,Dolce Vita wine glass clear gold thread,Acrílico,"11,50","16,5 cm",9 cm,,goldfingerdolcevita-vino-2419.jpg
H.BIK.DLV4,Dolce Vita wine glass clear,Acrílico,"10,29","16,5 cm",9 cm,,dolce-vita-vino-trasparente-1011.jpg
H.BIK.DLV29,Dolce Vita wine glass turquoise,Acrílico,"10,29","16,5 cm",9 cm,,dolce-vita-vino-turchese-1329.jpg
H.BIK.DLV5,Dolce Vita wine glass green,Acrílico,"10,29","16,5 cm",9 cm,,dolce-vita-vino-verde-1012.jpg
H.BIK.DLV9,Dolce Vita flute champagne amber,Acrílico,"10,29",21 cm,"6,5 cm",,dolce-vita-fl\303\273te-ambra-1014.jpg
H.BIK.DLV27,Dolce Vita flute champagne white,Acrílico,"10,29",21 cm,"6,5 cm",,dolce-vita-fl\303\273te-bianco-1278.jpg
H.BIK.DLV33,Dolce Vira flute champagne grey,Acrílico,"10,29",21 cm,"6,5 cm",,dolce-vita-fl\303\273te-grigio-1613.jpg
H.BIK.DLV10,Dolce Vita flute champagne black,Acrílico,"10,29",21 cm,"6,5 cm",,dolce-vita-fl\303\273te-nero-1016.jpg
H.BIK.DLV36,Dolce Vita flute champagne gold,Acrílico,"10,29",21 cm,"6,5 cm",,dolce-vita-fl\303\273te-oro-2226.jpg
H.BIK.DLV15,Dolce Vita flute champagne red,Acrílico,"10,29",21 cm,"6,5 cm",,dolce-vita-fl\303\273te-rosso-1017.jpg
H.BIK.DLV11,Dolce Vita flute champagne royal blue,Acrílico,"10,29",21 cm,"6,5 cm",,dolce-vita-fl\303\273te-blu-1015.jpg
H.BIK.DLV16,Dolce Vita flute champagne ruby,Acrílico,"10,29",21 cm,"6,5 cm",,dolce-vita-fl\303\273te-rubino-1018.jpg
H.BIK.DLV42,Dolce Vita flute champagne clear gold thread,Acrílico,"11,50",21 cm,"6,5 cm",,goldfingerdolcevita-flute-2420.jpg
H.BIK.DLV12,Dolce Vita flute champagne clear,Acrílico,"10,29",21 cm,"6,5 cm",,dolce-vita-fl\303\273te-trasparente-1019.jpg
H.BIK.DLV30,Dolce Vita flute champagne turquoise,Acrílico,"10,29",21 cm,"6,5 cm",,dolce-vita-fl\303\273te-turchese-1328.jpg
H.BIK.DLV13,Dolce Vita flute champagne green,Acrílico,"10,29",21 cm,"6,5 cm",,dolce-vita-fl\303\273te-verde-1020.jpg
H.BIK.FDM10,Forte dei Marmi white/black,Acrílico,"10,29",11 cm,9 cm,,forte-dei-marmi-bianco-nero-1979.jpg
H.BIK.FLU4,Wine & Drinks Billionaire clear,Acrílico,"8,47",,,,billionaire-trasparente-2414.jpg
H.BIK.FLU10,Wine E Drinks bistrot frost,Acrílico,"9,68","22,5 cm",10 cm,,bistrot-frost-2468.jpg
H.BIK.FLU1,Wine & Drinks bistrot clear,Acrílico,"9,68","22,5 cm",10 cm,,bistrot-trasparente-2333.jpg
H.BIK.FLU3,MARTINI GLASS CLEAR,Acrílico,"7,87",17 cm,12 cm,,martini-trasparente-2581.jpg
H.BIK.FLU,Wine & Drinks flute clear,Acrílico,"7,87","20,5 cm",,,fl\303\273te-trasparente-119.jpg
H.BIK.FLU7,Wine E Drinks Twiga frost,Acrílico,"9,50",20 cm,8 cm,,twiga-frost-2470.jpg
H.BIK.FLU2,Wine & Drinks Twiga clear,Acrílico,"9,08",20 cm,8 cm,,twiga-trasparente-118.jpg
H.BIK.GUL1,Gulli tumbler white,Acrílico,"10,29","10,5 cm",10 cm,,gulli-bianco-1904.jpg
H.BIK.GUL5,Gulli tumbler fluo orange,Acrílico,"10,29","10,5 cm",10 cm,,gulli-arancio-1903.jpg
H.BIK.GUL3,Gulli tumbler fluo green,Acrílico,"10,29","10,5 cm",10 cm,,gulli-verde-1908.jpg
H.BIK.GUL2,Gulli tumbler black,Acrílico,"10,29","10,5 cm",10 cm,,gulli-nero-1905.jpg
H.BIK.GUL4,Gulli tumbler clear,Acrílico,"10,29","10,5 cm",10 cm,,gulli-trasparente-1906.jpg
H.BIK.GUL7,Gulli tumbler turquoise,Acrílico,"10,29","10,5 cm",10 cm,,gulli-turchese-1907.jpg
H.BIK.GUL12,Gulli tumbler white/black,Acrílico,"10,29","10,5 cm",10 cm,,gulli-inverso-bianco-nero-1986.jpg
H.BIK.GUL13,Gulli tumbler black/white,Acrílico,"10,29","10,5 cm",10 cm,,gulli-inverso-nero-bianco-1988.jpg
H.BIK.LEN26,Lente tumbler blue/white,Acrílico,"8,47",11 cm,9 cm,,lente-basso-bianco-blu-2143.jpg
H.BIK.LEN31,Lente tumbler grey/white,Acrílico,"8,47",11 cm,9 cm,,lente-basso-binaco-grigio-2399.jpg
H.BIK.LEN27,Lente tumbler red/white,Acrílico,"8,47",11 cm,9 cm,,lente-basso-bianco-rosso-2144.jpg
H.BIK.LEN30,Lente tumbler turquoise/white,Acrílico,"8,47",11 cm,9 cm,,lente-basso-bianco-turchese-2145.jpg
H.BIK.LEN29,Lente tumbler green/white,Acrílico,"8,47",11 cm,9 cm,,lente-basso-bianco-verde-2147.jpg
H.BIK.LEN28,Lente tumbler purple/white,Acrílico,"8,47",11 cm,9 cm,,lente-basso-bianco-viola-2146.jpg
H.BIK.LEN4,Lente tumbler white high,Acrílico,"9,08",16 cm,"8,7 cm",,lente-alto-bianco-444.jpg
H.BIK.LEN3,Lente tumbler white,Acrílico,"8,47",11 cm,9 cm,,lente-basso-bianco-446.jpg
H.BIK.LEN21,Lente tumbler blue high,Acrílico,"9,08",16 cm,"8,7 cm",,lente-alto-blu-1304.jpg
H.BIK.LEN5,Lente tumbler grey,Acrílico,"8,47",11 cm,9 cm,,lente-basso-grigio-599.jpg
H.BIK.LEN2,Lente tumbler black high,Acrílico,"9,08",16 cm,"8,7 cm",,lente-alto-nero-445.jpg
H.BIK.LEN1,Lente tumbler black,Acrílico,"8,47",11 cm,9 cm,,lente-basso-nero-447.jpg
H.BIK.LEN35,Lente tumbler pink,Acrílico,"8,47",11 cm,9 cm,,lente-basso-rosa-2592.jpg
H.BIK.LEN11,Lente tumbler red,Acrílico,"8,47",11 cm,9 cm,,lente-basso-rosso-590.jpg
H.BIK.LEN20,Lente tumbler clear high,Acrílico,"9,08",16 cm,"8,7 cm",,lente-alto-trasparente-1201.jpg
H.BIK.LEN19,Lente tumbler clear,Acrílico,"8,47",11 cm,9 cm,,lente-basso-trasparente-1088.jpg
H.BIK.LEN24,Lente tumbler turquoise high,Acrílico,"9,08",16 cm,"8,7 cm",,lente-alto-turchese-1303.jpg
H.BIK.LEN15,Lente tumbler turquoise,Acrílico,"8,47",11 cm,9 cm,,lente-basso-turchese-975.jpg
H.BIK.MUN1,Mille e una Notte tumbler amber,Acrílico,"11,00",11 cm,9 cm,,milleeunanotte-ambra-2276.jpg
H.BIK.MUN2,Mille e una Notte clear,Acrílico,"11,00",11 cm,9 cm,,milleeunanotte-trasparente-2278.jpg
H.BIK.MUN3,Mille e una Notte blue,Acrílico,"11,00",11 cm,9 cm,,milleeunanotte-blu-2277.jpg
H.BIK.MUN4,Mille e una Notte green,Acrílico,"11,00",11 cm,9 cm,,milleeunanotte-verde-2279.jpg
H.BIK.MUN5,Mille e una Notte turquoise,Acrílico,"11,00",11 cm,9 cm,,milleeunanotte-turchese-2281.jpg
H.BIK.PAL2,Palazzo tumbler blue,Acrílico,"10,89",11 cm,"9,7 cm",,palazzomario-blu-2360.jpg
H.BIK.PAL3,Palazzo tumbler red,Acrílico,"10,89",11 cm,"9,7 cm",,palazzomario-rosso-1836.jpg
H.BIK.PAL4,Palazzo tumbler green,Acrílico,"10,89",11 cm,"9,7 cm",,palazzomario-verde-1838.jpg
H.BIK.PET1,Peter tumbler clear,Acrílico,"10,50",12 cm,"9,2 cm",,peter-trasparente-2602.jpg
H.BIK.PET2,Peter tumbler amber,Acrílico,"10,50",12 cm,"9,2 cm",,peter-ambra-2603.jpg
H.BIK.PET4,Peter tumbler green,Acrílico,"10,50",12 cm,"9,2 cm",,peter-verde-2601.jpg
H.BIK.PET5,Peter tumbler royal blue,Acrílico,"10,50",12 cm,"9,2 cm",,peter-blu-2600.jpg
H.BIK.PIE2,Pie tumbler amber,Acrílico,"10,00","10,5 cm","8,2 cm",,pie-ambra-2629.jpg
H.BIK.PIE4,Pie tumbler royal blue,Acrílico,"10,00","10,5 cm","8,2 cm",,pie-blu-2626.jpg
H.BIK.SAPA1,Panza wine glass Ruby,Acrílico,"10,50","16,5 cm",9 cm,,panza-rubino-2535.jpg
H.BIK.SAPA3,Panza wine glass Green,Acrílico,"10,50","16,5 cm",9 cm,,panza-verde-2534.jpg
H.BIK.SAPA8,Sancho water glass Ruby,Acrílico,"10,50","17,5 cm","9,7 cm",,sancho-rubino-2540.jpg
H.BIK.SAPA9,Sancho water glass Clear,Acrílico,"10,50","17,5 cm","9,7 cm",,sancho-trasparente-2538.jpg
H.BIK.SAPA10,Sancho water glass Green,Acrílico,"10,50","17,5 cm","9,7 cm",,sancho-verde-2539.jpg
H.BIK.SCO2,Scotch tumbler clear,Acrílico,"9,68",10 cm,"8,6 cm",,scotch-trasparente-1050.jpg
H.BIK.SCR1,St. Moritz wine glass clear,Acrílico,"9,68","18,5 cm",10 cm,,st-moritz-acqua-bicolore-trasparente-2240.jpg
H.BIK.SCR2,St. Moritz wine glass red bicolor,Acrílico,"9,68","18,5 cm",10 cm,,st-moritz-acqua-bicolore-rosso-2126.jpg
H.BIK.SCR3,St. Moritz wine glass royal blue bicolor,Acrílico,"9,68","18,5 cm",10 cm,,st-moritz-acqua-bicolore-blu-2125.jpg
H.BIK.SCR4,St. Moritz wine glass green bicolor,Acrílico,"9,68","18,5 cm",10 cm,,st-moritz-acqua-bicolore-verde-2127.jpg
H.BIK.SCR5,St. Moritz wine glass high clear,Acrílico,"9,68","17,8 cm",9 cm,,st-moritz-vino-bicolore-trasparente-2239.jpg
H.BIK.SCR6,St. Moritz wine glass high red bicolor,Acrílico,"9,68","17,8 cm",9 cm,,st-moritz-vino-bicolore-rosso-2129.jpg
H.BIK.SCR7,St. Moritz wine glass high royal blue bicolor,Acrílico,"9,68","17,8 cm",9 cm,,st-moritz-vino-bicolore-blu-2128.jpg
H.BIK.SCR8,St. Moritz wine glass high green bicolor,Acrílico,"9,68","17,8 cm",9 cm,,st-moritz-vino-bicolore-verde-2130.jpg
H.BIK.STARD.10,Stella tumbler amber,Acrílico,"9,08",10 cm,9 cm,,stella-acqua-ambra-2028.jpg
H.BIK.STARD.3,Stella tumbler blue,Acrílico,"9,08",10 cm,9 cm,,stella-acqua-blu-2029.jpg
H.BIK.STARD.4,Stella tumbler green,Acrílico,"9,08",10 cm,9 cm,,stella-acqua-verde-2034.jpg
H.BIK.STARD.5,Stella tumbler grey,Acrílico,"9,08",10 cm,9 cm,,stella-acqua-grigio-2067.jpg
H.BIK.STARD.6,Stella tumbler turquoise,Acrílico,"9,08",10 cm,9 cm,,stella-acqua-turchese-2035.jpg
H.BIK.STARD.7,Stella tumbler white,Acrílico,"9,08",10 cm,9 cm,,stella-acqua-bianco-2030.jpg
H.BIK.STARD1,Stella tumbler clear,Acrílico,"9,08",10 cm,9 cm,,stella-acqua-trasparente-2032.jpg
H.BIK.STARD2,Stella tumbler red,Acrílico,"9,08",10 cm,9 cm,,stella-acqua-rosso-2031.jpg
H.BIK.STE1,Stella wine glass clear,Acrílico,"11,50",14 cm,9 cm,,stella-vino-trasparente-2165.jpg
H.BIK.STE2,Stella wine glass red,Acrílico,"11,50",14 cm,9 cm,,stella-vino-rosso-2164.jpg
H.BIK.STE3,Stella wine glass blue,Acrílico,"11,50",14 cm,9 cm,,stella-vino-blu-2162.jpg
H.BIK.STE4,Stella wine glass green,Acrílico,"11,50",14 cm,9 cm,,stella-vino-verde-2166.jpg
H.BIK.STE5,Stella wine glass turquoise,Acrílico,"11,50",14 cm,9 cm,,stella-vino-turchese-2167.jpg
H.BIK.STE6,Stella wine glass amber,Acrílico,"11,50",14 cm,9 cm,,stella-vino-ambra-2160.jpg
H.BIK.STE7,Stella wine glass grey,Acrílico,"11,50",14 cm,9 cm,,stella-vino-grigio-2163.jpg
H.BIK.STE8,Stella wine glass white,Acrílico,"11,50",14 cm,9 cm,,stella-vino-bianco-2161.jpg
H.BIK.TUM8,Super tumbler amber,Acrílico,"11,50",11 cm,9 cm,,super-milly-ambra-1286.jpg
H.BIK.TUM9,Super tumbler blue,Acrílico,"11,50",11 cm,9 cm,,super-milly-blu-1287.jpg
H.BIK.TUM11,Super tumbler white frost,Acrílico,"13,92",11 cm,9 cm,,super-milly-frost-2340.jpg
H.BIK.TUM13,Super tumbler red,Acrílico,"11,50",11 cm,9 cm,,super-milly-rosso-1288.jpg
H.BIK.TUM16,Super tumbler rubi,Acrílico,"11,50",11 cm,9 cm,,super-milly-rubino-2498.jpg
H.BIK.TUM10,Super tumbler clear,Acrílico,"11,50",11 cm,9 cm,,super-milly-trasparente-1289.jpg
H.BIK.TUM12,Super tumbler turquoise,Acrílico,"11,50",11 cm,9 cm,,super-milly-turchese-1291.jpg
H.BIK.TUM14,Super tumbler green,Acrílico,"11,50",11 cm,9 cm,,super-milly-verde-1290.jpg
H.BIK.TUM4,Tumbler amber,Acrílico,"10,89",10 cm,9 cm,,milly-ambra-1064.jpg
H.BIK.TUM2,Tumbler white frost,Acrílico,"12,10",10 cm,9 cm,,milly-frost-2339.jpg
H.BIK.TUM3,Tumbler red,Acrílico,"10,89",10 cm,9 cm,,milly-rosso-1061.jpg
H.BIK.TUM6,Tumbler royal blue,Acrílico,"10,89",10 cm,9 cm,,milly-blu-1060.jpg
H.BIK.TUM15,Tumbler ruby,Acrílico,"10,89",10 cm,9 cm,,milly-rubino-2499.jpg
H.BIK.TUM1,Tumbler clear,Acrílico,"10,89",10 cm,9 cm,,milly-trasparente-1058.jpg
H.BIK.TUM5,Tumbler turquoise,Acrílico,"10,89",10 cm,9 cm,,milly-turchese-1199.jpg
H.BIK.TUM7,Tumbler green,Acrílico,"10,89",10 cm,9 cm,,milly-verde-1062.jpg
H.BIK.VEN1,Venezia tumbler clear,Acrílico,"7,87",9 cm,,,venezia-tumbler-trasparente-657.jpg
H.BIK.VEN3,Venezia tumbler green,Acrílico,"7,87",9 cm,,,venezia-tumbler-verde-541.jpg
H.BIK.VEN4,Venezia tumbler fumè,Acrílico,"7,87",9 cm,,,venezia-tumbler-fume-596.jpg
H.BIK.VEN6,Venezia tumbler royal blue,Acrílico,"7,87",9 cm,,,venezia-tumbler-blu-1159.jpg
H.BIK.VEN7,Venezia tumbler amber,Acrílico,"7,87",9 cm,,,venezia-tumbler-ambra-1160.jpg
H.BIK.WIN14,Winston tumbler blue,Acrílico,"9,08",10 cm,9 cm,,winston-acqua-blu-2154.jpg
H.BIK.WIN23,Winston tumbler grey,Acrílico,"9,08",10 cm,9 cm,,winston-acqua-grigio-2155.jpg
H.BIK.WIN19,Winston tumbler black,Acrílico,"9,08",10 cm,9 cm,,winston-acqua-nero-2336.jpg
H.BIK.WIN21,Winston tumbler gold,Acrílico,"9,08",10 cm,9 cm,,winston-acqua-oro-2158.jpg
H.BIK.WIN18,Winston tumbler ruby,Acrílico,"9,08",10 cm,9 cm,,winston-acqua-rubino-2156.jpg
H.BIK.WIN24,Winston tumbler white,Acrílico,"9,08",10 cm,9 cm,,winston-acqua-bianco-2153.jpg
H.BIK.WIN17,Winston tumbler clear,Acrílico,"9,08",10 cm,9 cm,,winston-acqua-trasparente-2157.jpg
H.BIK.WIN16,Winston tumbler green,Acrílico,"9,08",10 cm,9 cm,,winston-acqua-verde-2159.jpg
H.BIK.WIN26,Winston wine glass grey,Acrílico,"11,50",14 cm,9 cm,,winston-vino-grigio-2285.jpg
H.BIK.WIN25,Winston wine glass gold,Acrílico,"11,50",14 cm,9 cm,,winston-vino-oro-2282.jpg
H.BIK.WIN3,Winston wine glass royal blue,Acrílico,"11,50",14 cm,9 cm,,winston-vino-blu-2021.jpg
H.BIK.WIN2,Winston wine glass ruby,Acrílico,"11,50",14 cm,9 cm,,winston-vino-rubino-2284.jpg
H.BIK.WIN15,Winston wine glass white,Acrílico,"11,50",14 cm,9 cm,,winston-vino-bianco-2023.jpg
H.BIK.WIN5,Winston wine glass black,Acrílico,"11,50",14 cm,9 cm,,winston-vino-nero-2283.jpg
H.BIK.WIN1,Winston wine glass clear,Acrílico,"11,50",14 cm,9 cm,,winston-vino-trasparente-2025.jpg
H.BIK.WIN4,Winston wine glass green,Acrílico,"11,50",14 cm,9 cm,,winston-vino-verde-2027.jpg
H.BIK.WIN27,Winston cup white,Acrílico,"11,00","6,3 cm","9,3 cm",,winston-bianco-2322.jpg
H.BIK.WIN9,Winston cup royal blue,Acrílico,"11,00","6,3 cm","9,3 cm",,winston-blu-2323.jpg
H.BIK.WIN8,Winston cup clear,Acrílico,"11,00","6,3 cm","9,3 cm",,winston-trasparente-2325.jpg
H.BIK.WIN28,Winston cup green,Acrílico,"11,00","6,3 cm","9,3 cm",,winston-verde-2324.jpg
H.BIK.WIN12,Winston flute white,Acrílico,"11,50","19,5 cm","6,7 cm",,winston-flute-bianco-2329.jpg
H.BIK.WIN11,Winston flute blu,Acrílico,"11,50","19,5 cm","6,7 cm",,winston-flute-blu-2330.jpg
H.BIK.WIN20,Winston flute gold,Acrílico,"11,50","19,5 cm","6,7 cm",,winston-flute-oro-2356.jpg
H.BIK.WIN10,Winston flute clear,Acrílico,"11,50","19,5 cm","6,7 cm",,winston-flute-trasparente-2332.jpg
H.BIK.WIN13,Winston flute green,Acrílico,"11,50","19,5 cm","6,7 cm",,winston-flute-verde-2331.jpg
H.BIK.WIS1,Wiskey tumbler clear,Acrílico,"9,79","13,5 cm","7,8 cm",,whiskey-trasparente-659.jpg
H.BOT.AQU1,Aquarama bottle ruby,Acrílico,"31,46","32,5 cm",,750 ml,aquarama-rubino-1976.jpg
H.BOT.AQU2,Aquarama bottle green,Acrílico,"31,46","32,5 cm",,750 ml,aquarama-verde-2082.jpg
H.BOT.AQU3,Aquarama bottle royal blue,Acrílico,"31,46","32,5 cm",,750 ml,aquarama-blu-2083.jpg
H.BOT.AQU4,Aquarama bottle clear,Acrílico,"31,46","32,5 cm",,750 ml,aquarama-trasparente-1977.jpg
H.BOT.BONA4,Bona bottle blue,Acrílico,"26,62","35,5 cm",9 cm,,bona-blu-1102.jpg
H.BOT.BONA16,Bona bottle frost,Acrílico,"28,50","35,5 cm",9 cm,,bona-frost-2494.jpg
H.BOT.BONA3,Bona bottle ruby,Acrílico,"26,62","35,5 cm",9 cm,,bona-rubino-1099.jpg
H.BOT.BONA1,Bona bottle clear,Acrílico,"26,62","35,5 cm",9 cm,,bona-trasparente-1100.jpg
H.BOT.BONA6,Bona bottle turquoise,Acrílico,"26,62","35,5 cm",9 cm,,bona-turchese-1343.jpg
H.BOT.BONA2,Bona bottle green,Acrílico,"26,62","35,5 cm",9 cm,,bona-verde-1101.jpg
H.BOT.MAN1,Manfredo bottle Amber,Acrílico,"45,00",37 cm,,,manfredo-ambra-2543.jpg
H.BOT.MAN2,Manfredo bottle Clear,Acrílico,"45,00",37 cm,,,manfredo-trasparente-2545.jpg
H.BOT.MAN4,Manfredo bottle Grey,Acrílico,"45,00",37 cm,,,manfredo-grigio-2548.jpg
H.BOT.MAN6,Manfredo bottle Green,Acrílico,"45,00",37 cm,,,manfredo-verde-2544.jpg
H.BOT.ORS1,Orsetta bottle white gloss,Acrílico,"45,00","23,5 cm","15,5 cm","1,35 L",orsetto-smalto-bianco-2478.jpg
H.BOT.ORS2,Orsetta bottle royal blue,Acrílico,"45,00","23,5 cm","15,5 cm","1,35 L",orsetta-blu-2503.jpg
H.BOT.ORS3,Orsetta bottle green,Acrílico,"45,00","23,5 cm","15,5 cm","1,35 L",orsetto-verde-2474.jpg
H.BOT.ORS4,Orsetta bottle clear,Acrílico,"45,00","23,5 cm","15,5 cm","1,35 L",orsetto-trasparente-2473.jpg
H.BRO.CES1,Cesara pitcher clear,Acrílico,"33,88",33 cm,14 cm,500 ml,cesara-trasparente-1769.jpg
H.BRO.DIA19,Diamante pitcher green,Acrílico,"22,99",21 cm,,3 L,diamante-verde-135.jpg
H.BRO.DIA21,Palla pitcher clear,Acrílico,"29,04",21 cm,,3 L,palla-trasparente-121.jpg
H.BRO.DIA34,Palla pitcher red gloss,Acrílico,"29,04",21 cm,,3 L,palla-smalto-rosso-450.jpg
H.BRO.DIA35,Palla pitcher black gloss,Acrílico,"29,04",21 cm,,3 L,palla-smalto-nero-2334.jpg
H.BRO.DIA36,Palla pitcher white gloss,Acrílico,"29,04",21 cm,,3 L,palla-smalto-bianco-448.jpg
H.BRO.DIA37,Palla pitcher turquoise gloss,Acrílico,"29,04",21 cm,,3 L,palla-smalto-turchese-451.jpg
H.BRO.DIA41,Palla pitcher amber,Acrílico,"29,04",21 cm,,3 L,palla-ambra-594.jpg
H.BRO.DIA45,Palla pitcher fluo fuxia gloss,Acrílico,"29,04",21 cm,,3 L,palla-flu-fuxia-740.jpg
H.BRO.DIA46,Palla pitcher fluo orange gloss,Acrílico,"29,04",21 cm,,3 L,palla-flu-arancio-738.jpg
H.BRO.DIA47,Palla pitcher fluo green gloss,Acrílico,"29,04",21 cm,,3 L,palla-flu-verde-739.jpg
H.BRO.DIA50,Palla pitcher yellow gloss,Acrílico,"29,04",21 cm,,3 L,palla-smalto-giallo-1469.jpg
H.BRO.DIA51,Palla pitcher grey,Acrílico,"29,04",21 cm,,3 L,palla-grigio-2122.jpg
H.BRO.DIA52,Palla pitcher pink,Acrílico,"29,04",21 cm,,3 L,palla-smalto-rosa-2593.jpg
H.BRO.FED1,Federica pitcher clear,Acrílico,"30,25","21,5 cm",,"1,2 L",federica-trasparente-918.jpg
H.BRO.FED10,Federica pitcher grey,Acrílico,"30,25","21,5 cm",,"1,2 L",federica-grigio-976.jpg
H.BRO.FED3,Federica pitcher green,Acrílico,"30,25","21,5 cm",,"1,2 L",federica-verde-922.jpg
H.BRO.FED6,Federica pitcher white gloss,Acrílico,"30,25","21,5 cm",,"1,2 L",federica-smalto-bianco-2343.jpg
H.BRO.FED7,Federica pitcher blue,Acrílico,"30,25","21,5 cm",,"1,2 L",federica-blu-950.jpg
H.BRO.GENE1,Gene Krupa pitcher clear,Acrílico,"35,00","18,6 cm",,"1,5 L",genekrupa-trasparente-2457.jpg
H.BRO.GENE2,Gene Krupa pitcher white gloss,Acrílico,"35,00","18,6 cm",,"1,5 L",genekrupa-bianco-2471.jpg
H.BRO.GENE3,Gene Krupa pitcher royal blue,Acrílico,"35,00","18,6 cm",,"1,5 L",genekrupa-blu-2461.jpg
H.BRO.GENE4,Gene Krupa pitcher ruby,Acrílico,"35,00","18,6 cm",,"1,5 L",genekrupa-rubino-2460.jpg
H.BRO.GENE5,Gene Krupa pitcher green,Acrílico,"35,00","18,6 cm",,"1,5 L",genekrupa-verde-2458.jpg
H.BRO.GENE6,Gene Krupa pitcher AMBER,Acrílico,"35,00","18,6 cm",,"1,5 L",genekrupa-ambra-2459.jpg
H.BRO.HAL1,Halina pitcher clear,Acrílico,"32,67",,,,halina-trasparente-2222.jpg
H.BRO.HAL2,Halina pitcher red,Acrílico,"32,67",,,,halina-rosso-2248.jpg
H.BRO.HAL3,Halina pitcher royal blue,Acrílico,"32,67",,,,halina-blu-2219.jpg
H.BRO.HAL4,Halina pitcher green,Acrílico,"32,67",,,,halina-verde-2221.jpg
H.BRO.HAL5,Halina pitcher turquoise,Acrílico,"32,67",,,,halina-turchese-2223.jpg
H.BRO.HAL6,Halina pitcher gold,Acrílico,"42,35",,,,halina-oro-2337.jpg
H.BRO.HAL7,Halina pitcher grey,Acrílico,"32,67",,,,halina-grigio-2220.jpg
H.BRO.MAR3,Maria pitcher purple,Acrílico,"18,15",,,,maria-viola-932.jpg
H.BRO.MAR6,Maria pitcher white gloss,Acrílico,"18,15",,,,maria-bianco-927.jpg
H.BRO.PAL1,Pallina pitcher clear,Acrílico,"26,62",19 cm,,2 L,pallina-trasparente-1512.jpg
H.BRO.PAL11,Pallina pitcher grey,Acrílico,"26,62",19 cm,,2 L,pallina-grigio-2123.jpg
H.BRO.PAL12,Pallina pitcher yellow/handle red,Acrílico,"26,62",19 cm,,2 L,pallina-giallo-rosso-2229.jpg
H.BRO.PAL13,Pallina pitcher olive green gloss,Acrílico,"26,62",19 cm,,2 L,pallina-verde-oliva-2472.jpg
H.BRO.PAL2,Pallina pitcher white gloss,Acrílico,"26,62",19 cm,,2 L,pallina-bianco-1511.jpg
H.BRO.PAL5,Pallina pitcher blue/handle green,Acrílico,"26,62",19 cm,,2 L,pallina-blu-verde-1582.jpg
H.BRO.PAL6,Pallina pitcher ruby/handle green,Acrílico,"26,62",19 cm,,2 L,pallina-rubino-verde-1583.jpg
H.BRO.PAL7,Pallina pitcher green/handle blue,Acrílico,"26,62",19 cm,,2 L,pallina-verde-blu-1584.jpg
H.BRO.PAL8,Pallina pitcher red,Acrílico,"26,62",19 cm,,2 L,pallina-rosso-1517.jpg
H.BRO.PAL9,Pallina pitcher turquoise/handle ruby,Acrílico,"26,62",19 cm,,2 L,pallina-turchese-rubino-1606.jpg
H.BRO.PLU1,Plutone pitcher clear,Acrílico,"24,20",16 cm,,"1,4 L",plutone-trasparente-1777.jpg
H.BRO.PLU13,Plutone pitcher black gloss,Acrílico,"24,20",16 cm,,"1,4 L",plutone-nero-1774.jpg
H.BRO.PLU14,Plutone pitcher grey,Acrílico,"24,20",16 cm,,"1,4 L",plutone-grigio-2228.jpg
H.BRO.PLU2,Plutone pitcher ruby/handle green,Acrílico,"24,20",16 cm,,"1,4 L",plutone-rubino-verde-1776.jpg
H.BRO.PLU3,Plutone pitcher royal blue,Acrílico,"24,20",16 cm,,"1,4 L",plutone-blu-1775.jpg
H.BRO.PLU4,Plutone pitcher green,Acrílico,"24,20",16 cm,,"1,4 L",plutone-verde-1778.jpg
H.BRO.PLU5,Plutone pitcher yellow gloss/handle red,Acrílico,"24,20",16 cm,,"1,4 L",plutone-giallo-rosso-2227.jpg
H.BRO.PLU6,Plutone pitcher white gloss,Acrílico,"24,20",16 cm,,"1,4 L",plutone-bianco-1773.jpg
H.BRO.PLU7,Plutone pitcher red,Acrílico,"24,20",16 cm,,"1,4 L",plutone-rosso-1817.jpg
H.BRO.PLU8,Plutone pitcher gold,Acrílico,"26,62",16 cm,,"1,4 L",plutone-oro-2345.jpg
H.BRO.PLU9,Plutone pitcher white frost,Acrílico,"24,20",16 cm,,"1,4 L",plutone-frost-1801.jpg
H.BRO.ROB1,Roberta pitcher clear,Acrílico,"33,88","24,5 cm",,"1,2 L",roberta-trasparente-1577.jpg
H.BRO.ROB11,Roberta pitcher turquoise,Acrílico,"33,88","24,5 cm",,"1,2 L",roberta-turchese-1592.jpg
H.BRO.ROB12,Roberta pitcher gold,Acrílico,"36,30","24,5 cm",,"1,2 L",roberta-soir\303\251e-oro-1675.jpg
H.BRO.ROB2,Roberta pitcher white gloss,Acrílico,"33,88","24,5 cm",,"1,2 L",roberta-bianco-1573.jpg
H.BRO.ROB3,Roberta Pitcher ruby,Acrílico,"33,88","24,5 cm",,"1,2 L",roberta-rubino-2258.jpg
H.BRO.ROB4,Roberta pitcher green,Acrílico,"33,88","24,5 cm",,"1,2 L",roberta-verde-1575.jpg
H.BRO.ROB6,Roberta pitcher blue,Acrílico,"33,88","24,5 cm",,"1,2 L",roberta-blu-1572.jpg
H.BRO.SIS1,Sister Rosetta pitcher white gloss,Acrílico,"47,00",22 cm,,"2,4 L",sisterrosetta-bianco-2440.jpg
H.BRO.SIS10,Sister Rosetta pitcher fuxia fluo,Acrílico,"47,00",22 cm,,"2,4 L",sisterrosetta-fuxia-fluo-2444.jpg
H.BRO.SIS2,Sister Rosetta pitcher green,Acrílico,"47,00",22 cm,,"2,4 L",sisterrosetta-verde-2439.jpg
H.BRO.SIS3,Sister Rosetta pitcher clear,Acrílico,"47,00",22 cm,,"2,4 L",sisterrosetta-trasparente-2438.jpg
H.BRO.SIS4,Sister Rosetta pitcher ruby,Acrílico,"47,00",22 cm,,"2,4 L",sisterrosetta-rubino-2441.jpg
H.BRO.SIS5,Sister Rosetta pitcher amber,Acrílico,"47,00",22 cm,,"2,4 L",sisterrosetta-ambra-2437.jpg
H.BRO.SIS6,Sister Rosetta pitcher blue,Acrílico,"47,00",22 cm,,"2,4 L",sisterrosetta-blu-2436.jpg
H.BRO.SIS7,Sister Rosetta pitcher yellow gloss,Acrílico,"47,00",22 cm,,"2,4 L",sisterrosetta-giallo-2447.jpg
H.BRO.SIS8,Sister Rosetta pitcher turquoise glaze,Acrílico,"47,00",22 cm,,"2,4 L",sisterrosetta-turchese-2448.jpg
H.BRO.WIN1,Imperial pitcher clear,Acrílico,"55,00",32 cm,,"1,5 L",imperial-trasparente-2288.jpg
H.BRO.WIN2,Imperial pitcher white gloss,Acrílico,"55,00",32 cm,,"1,5 L",imperial-bianco-2286.jpg
H.BRO.WIN3,Imperial pitcher green,Acrílico,"55,00",32 cm,,"1,5 L",imperial-verde-2289.jpg
H.BRO.WIN4,Imperial pitcher blue,Acrílico,"55,00",32 cm,,"1,5 L",imperial-blu-2287.jpg
H.BRO.WIN5,Imperial pitcher gold,Acrílico,"55,00",32 cm,,"1,5 L",imperial-oro-2357.jpg
H.INS.CHU6,Churchill salad bowl gold,Acrílico,"43,56",12 cm,"25,5 cm",,churchill-oro-2297-g1-v.jpg
H.INS.CHU1,Churchill sald bowl red,Acrílico,"36,30",12 cm,"25,5 cm",,churchill-rosso-2098-g1-v.jpg
H.INS.CHU5,Churchill salad bowl white,Acrílico,"36,30",12 cm,"25,5 cm",,churchill-bianco-2095-g1-v.jpg
H.INS.CHU2,Churchill sald bowl clear,Acrílico,"36,30",12 cm,"25,5 cm",,churchill-trasparente-2099-g1-v.jpg
H.INS.CHU4,Churchill salad bowl green,Acrílico,"36,30",12 cm,"25,5 cm",,churchill-verde-2101-g1-v.jpg
H.INS.CHU11,Elena small bowl gold,Acrílico,"11,00",7 cm,14 cm,,churchill-piccola-oro-2270.jpg
H.INS.CHU12,Elena small bowl red,Acrílico,"11,00",7 cm,14 cm,,churchill-piccola-rosso-2272.jpg
H.INS.CHU9,Elena small bowl clear,Acrílico,"11,00",7 cm,14 cm,,churchill-piccola-trasparente-2275.jpg
H.INS.CHU10,Elena small bowl green,Acrílico,"11,00",7 cm,14 cm,,churchill-piccola-verde-2274.jpg
H.INS.LEN8,Lente small bowl white,Acrílico,"9,68",7 cm,14 cm,,lente-piccola-bianco-1370.jpg
H.INS.LEN6,Lente small bowl blue,Acrílico,"9,68",7 cm,14 cm,,lente-piccola-blu-1369.jpg
H.INS.LEN9,Lente small bowl red,Acrílico,"9,68",7 cm,14 cm,,lente-piccola-rosso-1366.jpg
H.INS.LEN7,Lente small bowl clear,Acrílico,"9,68",7 cm,14 cm,,lente-piccola-trasparente-1367.jpg
H.INS.LEN10,Lente small bowl turquoise,Acrílico,"9,68",7 cm,14 cm,,lente-piccola-turchese-1368.jpg
H.INS.MIL1,Supernova salad bowl clear,Acrílico,"50,82",10 cm,25 cm,,supernova-trasparente-1505.jpg
H.INS.MIL2,Supernova salad bowl red,Acrílico,"50,82",10 cm,25 cm,,supernova-rosso-1509.jpg
H.INS.MIL3,Supernova salad bowl royal blue,Acrílico,"50,82",10 cm,25 cm,,supernova-blu-1507.jpg
H.INS.MIL4,Supernova salad bowl green,Acrílico,"50,82",10 cm,25 cm,,supernova-verde-1506.jpg
H.INS.MIL5,Supernova salad bowl amber,Acrílico,"50,82",10 cm,25 cm,,supernova-ambra-1510.jpg
H.KAN1,Kane dog bowl red,Acrílico,"26,62","8,5 cm",30×26 cm,,ciotola-kane-rosso-rosso-1300.jpg
H.KAN2,Kane dog bowl amber,Acrílico,"26,62","8,5 cm",30×26 cm,,ciotola-kane-ambra-ambra-1298.jpg
H.KAN3,Kane dog bowl royal blue,Acrílico,"26,62","8,5 cm",30×26 cm,,ciotola-kane-blu-blu-1299.jpg
H.KAN4,Kane dog bowl green,Acrílico,"26,62","8,5 cm",30×26 cm,,ciotola-kane-verde-verde-1302.jpg
H.MAD1,M/Serena clear,Acrílico,"45,00",29 cm,"19,5 cm",,serena-portagelato-trasparente-1795.jpg
H.MAD2,M/Serena ruby,Acrílico,"45,00",29 cm,"19,5 cm",,serena-portagelato-rubino-1818.jpg
H.MAD3,M/Serena amber,Acrílico,"45,00",29 cm,"19,5 cm",,serena-portagelato-ambra-1793.jpg
H.MAD4,M/Serena green,Acrílico,"45,00",29 cm,"19,5 cm",,serena-portagelato-verde-1796.jpg
H.MAD5,M/Serena gold,Acrílico,"45,00",29 cm,"19,5 cm",,serena-portagelato-oro-2380.jpg
H.MEL4,BASE PINEAPPLE MELISSA GOLD,Acrílico,"105,00",,,,melissa2015-oro-2375.jpg
H.MEL5,BASE PINEAPPLE MELISSA RUBY,Acrílico,"105,00",,,,melissa2015-rubino-2372.jpg
H.MEL2,BASE PINEAPPLE MELISSA CLEAR,Acrílico,"105,00",,,,melissa2015-trasparente-2373.jpg
H.MEL3,BASE PINEAPPLE MELISSA GREEN,Acrílico,"105,00",,,,melissa2015-verde-2374.jpg
H.PBO18,Antartica ice bucket amber,Acrílico,"52,03",22 cm,20 cm,,antartica-ambra-1347.jpg
H.PBO19,Antartica ice bucket blue,Acrílico,"52,03",22 cm,20 cm,,antartica-blu-1345.jpg
H.PBO29,Antartica ice bucket white frost,Acrílico,"54,45",22 cm,20 cm,,antartica-frost-2346.jpg
H.PBO35,Antartica ice bucket blue frost,Acrílico,"54,45",22 cm,20 cm,,antartica-frost-blu-2347.jpg
H.PBO32,Antartica ice bucket red frost,Acrílico,"54,45",22 cm,20 cm,,antartica-frost-rosso-2349.jpg
H.PBO22,Antartica ice bucket red,Acrílico,"52,03",22 cm,20 cm,,antartica-rosso-1346.jpg
H.PBO20,Antartica ice bucket clear,Acrílico,"52,03",22 cm,20 cm,,antartica-trasparente-1349.jpg
H.PBO21,Antartica ice bucket green,Acrílico,"52,03",22 cm,20 cm,,antartica-verde-1348.jpg
H.PBO26,Filippo ice holder red,Acrílico,"33,88","14,3 cm",12 cm,,filippo-rosso-1625.jpg
H.PBO24,Filippo ice holder clear,Acrílico,"33,88","14,3 cm",12 cm,,filippo-trasparente-1626.jpg
H.PBO30,Filippo ice holder turquoise,Acrílico,"33,88","14,3 cm",12 cm,,filippo-turchese-1628.jpg
H.PIA.EVA5,Eva soup plate Ivory,Melamina,"10,50",,19 cm,,evaavo-fondo-2515.jpg
H.PIA.EVA3,Eva soup plate Royal Blue,Melamina,"10,50",,19 cm,,evablu-fondo-2509.jpg
H.PIA.EVA4,Eva soup plate Grey,Melamina,"10,50",,19 cm,,evagrigio-fondo-2506.jpg
H.PIA.EVA2,Eva soup plate Red,Melamina,"10,50",,19 cm,,evarosso-fondo-2512.jpg
H.PIA.EVA9,Eva small plate Ivory,Melamina,"10,50",,23 cm,,evaavo-frutta-2514.jpg
H.PIA.EVA8,Eva small plate Grey,Melamina,"10,50",,23 cm,,evagrigio-frutta-2505.jpg
H.PIA.EVA6,Eva small plate Red,Melamina,"10,50",,23 cm,,evarosso-frutta-2511.jpg
H.PIA.EVA7,Eva small plate Royal Blue,Melamina,"10,50",,23 cm,,evablu-frutta-2508.jpg
H.PIA.EVA13,Eva medium plate Ivory,Melamina,"13,00",,27 cm,,evaavo-medio-2513.jpg
H.PIA.EVA12,Eva medium plate Grey,Melamina,"13,00",,27 cm,,evagrigio-medio-2504.jpg
H.PIA.EVA10,Eva medium plate Red,Melamina,"13,00",,27 cm,,evarosso-medio-2510.jpg
H.PIA.EVA11,Eva medium plate Royal Blue,Melamina,"13,00",,27 cm,,evablu-medio-2507.jpg
H.PIA.EVA1,Eva tray ivory/grey,Melamina,"45,00",,40 cm,,evaavo-vassoio-2632.jpg
H.PIA.LAP4,Lapislazzulo underplate,Melamina,"21,78",,,,lapislzzulo-sottopiatto-2501.jpg
H.PIA.MAR2,Marinella soup plate Orange,Melamina,"10,12",,19 cm,,marinellaarancio-fondo-2518.jpg
H.PIA.MAR1,Marinella soup plate Ivory,Melamina,"10,12",,19 cm,,marinellaavorio-fondo-2521.jpg
H.PIA.MAR3,Marinella soup plate Turquoise,Melamina,"10,12",,19 cm,,marinellaturchese-fondo-2524.jpg
H.PIA.MAR4,Marinella soup plate Green,Melamina,"10,12",,19 cm,,marinellaverde-fondo-2527.jpg
H.PIA.MAR7,Marinella small plate Orange,Melamina,"10,12",,23 cm,,marinellaarancio-frutta-2517.jpg
H.PIA.MAR6,Marinella small plate Ivory,Melamina,"10,12",,23 cm,,marinellaavorio-frutta-2520.jpg
H.PIA.MAR10,Marinella small plate Red,Melamina,"10,12",,23 cm,,marinellarosso-frutta-2529.jpg
H.PIA.MAR8,Marinella small plate Turquoise,Melamina,"10,12",,23 cm,,marinellaturchese-frutta-2523.jpg
H.PIA.MAR9,Marinella small plate Green,Melamina,"10,12",,23 cm,,marinellaverde-frutta-2526.jpg
H.PIA.MAR12,Marinella medium plate Orange,Melamina,"12,65",,27 cm,,marinellaarancio-medio-2516.jpg
H.PIA.MAR11,Marinella medium plate Ivory,Melamina,"12,65",,27 cm,,marinellaavorio-medio-2519.jpg
H.PIA.MAR15,Marinella medium plate Red,Melamina,"12,65",,27 cm,,marinellarosso-medio-2528.jpg
H.PIA.MAR13,Marinella medium plate Turquoise,Melamina,"12,65",,27 cm,,marinellaturchese-medio-2522.jpg
H.PIA.MAR14,Marinella medium plate Green,Melamina,"12,65",,27 cm,,marinellaverde-medio-2525.jpg
H.PIA.PAN25,Lillybet soup plate,Melamina,"10,12",,19 cm,,lillybet-fondo-2453.jpg
H.PIA.PAN26,Lillybet small plate,Melamina,"10,12",,23 cm,,lillybet-frutta-2454.jpg
H.PIA.PAN27,Lillybet medium plate,Melamina,"12,65",,27 cm,,lillybet-medio-2455.jpg
H.PIA.PAN28,Lillybet underplate,Melamina,"21,78",,,,lillybetsottopiatti-bianco-2456.jpg
H.PIA.PAN2,Pancale soup plate orange,Melamina,"10,12",,19 cm,,pancale-arancio-fondo-2300.jpg
H.PIA.PAN1,Pancale soup plate white,Melamina,"10,12",,19 cm,,pancale-bianco-fondo-2303.jpg
H.PIA.PAN21,Pancale soup plate blue,Melamina,"10,12",,19 cm,,pancaleblu-fondo-2451.jpg
H.PIA.PAN5,Pancale soup plate yellow,Melamina,"10,12",,19 cm,,pancal-giallo-fondo-2306.jpg
H.PIA.PAN3,Pancale soup plate turquoise,Melamina,"10,12",,19 cm,,pancale-turchese-fondo-2309.jpg
H.PIA.PAN4,Pancale soup plate green,Melamina,"10,12",,19 cm,,pancale-verde-fondo-2312.jpg
H.PIA.PAN7,Pancale small plate orange,Melamina,"10,12",,23 cm,,pancale-arancio-frutta-2301.jpg
H.PIA.PAN6,Pancale small plate white,Melamina,"10,12",,23 cm,,pancale-bianco-frutta-2304.jpg
H.PIA.PAN22,Pancale small plate blue,Melamina,"10,12",,23 cm,,pancaleblu-frutta-2450.jpg
H.PIA.PAN10,Pancale small plate yellow,Melamina,"10,12",,23 cm,,pancal-giallo-frutta-2307.jpg
H.PIA.PAN8,Pancale small plate turquoise,Melamina,"10,12",,23 cm,,pancale-turchese-frutta-2310.jpg
H.PIA.PAN9,Pancale small plate green,Melamina,"10,12",,23 cm,,pancale-verde-frutta-2313.jpg
H.PIA.PAN12,Pancale medium plate orange,Melamina,"12,65",,27 cm,,pancale-arancio-medio-2302.jpg
H.PIA.PAN11,Pancale medium plate white,Melamina,"12,65",,27 cm,,pancale-bianco-medio-2305.jpg
H.PIA.PAN23,Pancale medium plate blue,Melamina,"12,65",,27 cm,,pancaleblu-medio-2449.jpg
H.PIA.PAN15,Pancale medium plate yellow,Melamina,"12,65",,27 cm,,pancal-giallo-medio-2308.jpg
H.PIA.PAN13,Pancale medium plate turquoise,Melamina,"12,65",,27 cm,,pancale-turchese-medio-2311.jpg
H.PIA.PAN14,Pancale medium plate green,Melamina,"12,65",,27 cm,,pancale-verde-medio-2314.jpg
H.PIA.PAN16,Pancale underplate white,Melamina,"21,78",,,,pancale-sottopiatti-bianco-2315.jpg
H.PIA.PAN24,Pancale underplate blue,Melamina,"21,78",,,,pancale-sottopiatti-blu-2452.jpg
H.PIA.PAN20,Pancale underplate yellow,Melamina,"21,78",,,,pancale-sottopiatti-giallo-2316.jpg
H.PIA.PAN18,Pancale underplate turquoise,Melamina,"21,78",,,,pancale-sottopiatti-turchese-2319.jpg
H.PIA.PAT5,Patagonia soup plate yellow,Melamina,"10,12",,19 cm,,patagonia-giallo-fondo-2187.jpg
H.PIA.PAT3,Patagonia soup plate green,Melamina,"10,12",,19 cm,,patagonia-verde-fondo-2193.jpg
H.PIA.PAT7,Patagonia small plate blue,Melamina,"10,12",,23 cm,,patagonia-blu-frutta-2184.jpg
H.PIA.PAT10,Patagonia small plate yellow,Melamina,"10,12",,23 cm,,patagonia-giallo-frutta-2189.jpg
H.PIA.PAT8,Patagonia small plate green,Melamina,"10,12",,23 cm,,patagonia-verde-frutta-2194.jpg
H.PIA.PAT12,Patagonia medium plate blue,Melamina,"12,65",,27 cm,,patagonia-blu-medio-2185.jpg
H.PIA.PAT15,Patagonia medium plate yellow,Melamina,"12,65",,27 cm,,patagonia-giallo-medio-2188.jpg
H.PIA.PAT25,Patagonia underplate yellow,Melamina,"21,78",,,,patagonia-giallo-sottopiatto-2634.jpg
H.PIA.VIE13,Saint Tropez soup plate orange,Melamina,"10,12",,19 cm,,saint-tropez-arancio-ciotola-1551.jpg
H.PIA.VIE18,Saint Tropez soup plate blue,Melamina,"10,12",,19 cm,,saint-tropez-blu-ciotola-1539.jpg
H.PIA.VIE14,Saint Tropez soup plate yellow,Melamina,"10,12",,19 cm,,saint-tropez-giallo-ciotola-1542.jpg
H.PIA.VIE17,Saint Tropez soup plate turquoise,Melamina,"10,12",,19 cm,,saint-tropez-turchese-ciotola-1535.jpg
H.PIA.VIE15,Saint Tropez soup plate green,Melamina,"10,12",,19 cm,,saint-tropez-verde-ciotola-1545.jpg
H.PIA.VIE1,Saint Tropez small plate orange,Melamina,"10,12",,23 cm,,saint-tropez-arancio-frutta-1552.jpg
H.PIA.VIE6,Saint Tropez small plate blue,Melamina,"10,12",,23 cm,,saint-tropez-blu-frutta-1540.jpg
H.PIA.VIE2,Saint Tropez small plate yellow,Melamina,"10,12",,23 cm,,saint-tropez-giallo-frutta-1543.jpg
H.PIA.VIE5,Saint Tropez small plate turquoise,Melamina,"10,12",,23 cm,,saint-tropez-turchese-frutta-1536.jpg
H.PIA.VIE3,Saint Tropez small plate green,Melamina,"10,12",,23 cm,,saint-tropez-verde-frutta-1546.jpg
H.PIA.VIE7,Saint Tropez medium plate orange,Melamina,"12,65",,27 cm,,saint-tropez-arancio-medio-1553.jpg
H.PIA.VIE12,Saint Tropez medium plate blue,Melamina,"12,65",,27 cm,,saint-tropez-blu-medio-1541.jpg
H.PIA.VIE8,Saint Tropez medium plate yellow,Melamina,"12,65",,27 cm,,saint-tropez-giallo-medio-1544.jpg
H.PIA.VIE11,Saint Tropez medium plate turquoise,Melamina,"12,65",,27 cm,,saint-tropez-turchese-medio-1537.jpg
H.PIA.VIE9,Saint Tropez medium plate green,Melamina,"12,65",,27 cm,,saint-tropez-verde-medio-1547.jpg
H.SAL.BEC1,Bonnie & Clyde salt and pepper set green,Acrílico,"18,15",8 cm,"5,5 cm",,bonnie-e-clyde-verde-1821.jpg
H.SAL.BEC2,Bonnie & Clyde salt and pepper set clear,Acrílico,"18,15",8 cm,"5,5 cm",,bonnie-e-clyde-trasparente-1910.jpg
H.SAL.BEC3,Bonnie & Clyde salt and pepper set blue,Acrílico,"18,15",8 cm,"5,5 cm",,bonnie-e-clyde-blu-1820.jpg
H.SAL.BEC5,Bonnie & Clyde salt and pepper set red,Acrílico,"18,15",8 cm,"5,5 cm",,bonnie-e-clyde-rubino-1911.jpg
H.SAL.BEC6,Bonnie & Clyde salt and pepper set gold,Acrílico,"18,15",8 cm,"5,5 cm",,bonnie-e-clyde-oro-2269.jpg
H.SAL.CEV1,Caterina & Vittoria salt and pepper set clear,Acrílico,"22,00","10,6 cm","5,6 cm",,caterinaevittoria-trasparente-2403.jpg
H.SAL.CEV2,Caterina & Vittoria salt and pepper set ruby,Acrílico,"22,00","10,6 cm","5,6 cm",,caterinaevittoria-rubino-2404.jpg
H.SAL.CEV3,Caterina & Vittoria salt and pepper set blue,Acrílico,"22,00","10,6 cm","5,6 cm",,caterinaevittoria-blu-2402.jpg
H.SAL.CEV4,Caterina & Vittoria salt and pepper set green,Acrílico,"22,00","10,6 cm","5,6 cm",,caterinaevittoria-verde-2401.jpg
H.BIK.DLV31,Dolce Vita water glass grey,Acrílico,"10,29","17,5 cm","9,5 cm",,dolce-vita-acqua-grigio-1611.jpg
H.INS.CHU13,Elena small bowl white,Acrílico,"11,00",7 cm,14 cm,,churchill-piccola-bianco-2271.jpg
H.PIA.MAR5,Marinella soup plate Red,Melamina,"10,12",,19 cm,,marinellarosso-fondo-2530.jpg
